XWQY,XZUE,WMNM,AXF,XXEQ
21.050810483942833,17.013843810658827,10.984503755486879,11.248093428369392,12.961712733997235
15.63570258751384,14.69054309070934,11.353027688995159,475.7419511820206,11.959640427803022
482.34539247360806,35.20258059251504,3516.5416782257166,66.40531432731821,13.503960481087077
10.918933017418304,17.9086438675435,24.801265417692324,12.488954191854916,10.52435923388642
10.675971965144655,12.749401436636365,11.805257579935713,21.539039489843024,19.99766036804861
11.545495378369814,23.981468434099405,24.974763062186504,36.03196210299769,14.304332320024963
